{"cameraMode":{"drawMode":0,"name":"Shaded","section":"Shading Mode"},"sceneLighting":false,"audioPlay":false,"sceneViewState":{"showFog":true,"showMaterialUpdate":false,"showSkybox":false,"showFlares":true,"showImageEffects":true,"showParticleSystems":true},"in2DMode":false,"pivot":{"x":0.008481979370117188,"y":0.938701868057251,"z":-0.23521819710731507},"rotation":{"x":-0.03169068321585655,"y":0.08445344865322113,"z":-0.0026871224399656059,"w":-0.9959222674369812},"size":5.496665000915527,"orthographic":false}