{"cameraMode":{"drawMode":0,"name":"Shaded","section":"Shading Mode"},"sceneLighting":false,"audioPlay":false,"sceneViewState":{"showFog":true,"showMaterialUpdate":false,"showSkybox":false,"showFlares":true,"showImageEffects":true,"showParticleSystems":true},"in2DMode":false,"pivot":{"x":-5.878331184387207,"y":0.28654351830482485,"z":-2.582637071609497},"rotation":{"x":0.053609829396009448,"y":0.939902663230896,"z":-0.1742362231016159,"w":0.2889370918273926},"size":10.531169891357422,"orthographic":true}