{"cameraMode":{"drawMode":0,"name":"Shaded","section":"Shading Mode"},"sceneLighting":false,"audioPlay":false,"sceneViewState":{"showFog":true,"showMaterialUpdate":false,"showSkybox":false,"showFlares":true,"showImageEffects":true,"showParticleSystems":true},"in2DMode":false,"pivot":{"x":-3.4133355617523195,"y":0.29966306686401369,"z":-2.4270873069763185},"rotation":{"x":-0.008966341614723206,"y":0.9145767688751221,"z":-0.40383651852607729,"w":-0.02030593529343605},"size":2.281928300857544,"orthographic":false}