{"cameraMode":{"drawMode":0,"name":"Shaded","section":"Shading Mode"},"sceneLighting":false,"audioPlay":false,"sceneViewState":{"showFog":true,"showMaterialUpdate":false,"showSkybox":false,"showFlares":true,"showImageEffects":true,"showParticleSystems":true},"in2DMode":false,"pivot":{"x":-5.9119086265563969,"y":0.4642631411552429,"z":-2.450857639312744},"rotation":{"x":0.006481689866632223,"y":0.9147722721099854,"z":-0.40392810106277468,"w":0.01533059123903513},"size":1.1320977210998536,"orthographic":true}