{"cameraMode":{"drawMode":0,"name":"Shaded","section":"Shading Mode"},"sceneLighting":false,"audioPlay":false,"sceneViewState":{"showFog":true,"showMaterialUpdate":false,"showSkybox":false,"showFlares":true,"showImageEffects":true,"showParticleSystems":true},"in2DMode":false,"pivot":{"x":-2.8312206268310549e-7,"y":0.0,"z":-2.5331974029541018e-7},"rotation":{"x":-0.10476052761077881,"y":0.8929136991500855,"z":-0.2735804617404938,"w":-0.3419174551963806},"size":2.7419800758361818,"orthographic":false}