{"cameraMode":{"drawMode":0,"name":"Shaded","section":"Shading Mode"},"sceneLighting":false,"audioPlay":false,"sceneViewState":{"showFog":true,"showMaterialUpdate":false,"showSkybox":false,"showFlares":true,"showImageEffects":true,"showParticleSystems":true},"in2DMode":false,"pivot":{"x":0.8089652061462402,"y":0.03536340594291687,"z":-2.0619633197784426},"rotation":{"x":-0.038399625569581988,"y":0.9616109728813171,"z":0.19261832535266877,"w":0.1917288899421692},"size":22.0,"orthographic":false}