{"cameraMode":{"drawMode":0,"name":"Shaded","section":"Shading Mode"},"sceneLighting":false,"audioPlay":false,"sceneViewState":{"showFog":true,"showMaterialUpdate":false,"showSkybox":false,"showFlares":true,"showImageEffects":true,"showParticleSystems":true},"in2DMode":false,"pivot":{"x":-4.916430473327637,"y":0.4726687967777252,"z":-3.9318478107452394},"rotation":{"x":-0.014673215337097645,"y":-0.9493340253829956,"z":0.311325341463089,"w":-0.04966761916875839},"size":2.3769209384918215,"orthographic":true}