{"cameraMode":{"drawMode":0,"name":"Shaded","section":"Shading Mode"},"sceneLighting":false,"audioPlay":false,"sceneViewState":{"showFog":true,"showMaterialUpdate":false,"showSkybox":false,"showFlares":true,"showImageEffects":true,"showParticleSystems":true},"in2DMode":false,"pivot":{"x":-0.009205371141433716,"y":3.14321368932724e-9,"z":0.0026400983333587648},"rotation":{"x":-0.10476052761077881,"y":0.8929136991500855,"z":-0.2735804617404938,"w":-0.3419174551963806},"size":1.5585484504699708,"orthographic":false}