{"cameraMode":{"drawMode":0,"name":"Shaded","section":"Shading Mode"},"sceneLighting":false,"audioPlay":false,"sceneViewState":{"showFog":true,"showMaterialUpdate":false,"showSkybox":false,"showFlares":true,"showImageEffects":true,"showParticleSystems":true},"in2DMode":false,"pivot":{"x":1.696842908859253,"y":0.30483055114746096,"z":2.522390127182007},"rotation":{"x":0.23769329488277436,"y":0.008741780184209347,"z":-0.002138557145372033,"w":0.971301257610321},"size":2.558082342147827,"orthographic":false}