{"cameraMode":{"drawMode":0,"name":"Shaded","section":"Shading Mode"},"sceneLighting":false,"audioPlay":false,"sceneViewState":{"showFog":true,"showMaterialUpdate":false,"showSkybox":false,"showFlares":true,"showImageEffects":true,"showParticleSystems":true},"in2DMode":false,"pivot":{"x":-4.952232360839844,"y":1.59326171875,"z":-1.11083984375},"rotation":{"x":-0.004526663571596146,"y":-0.9758877754211426,"z":0.21751940250396729,"w":-0.020208755508065225},"size":1.4939711093902588,"orthographic":true}