{"cameraMode":{"drawMode":0,"name":"Shaded","section":"Shading Mode"},"sceneLighting":false,"audioPlay":false,"sceneViewState":{"showFog":true,"showMaterialUpdate":false,"showSkybox":false,"showFlares":true,"showImageEffects":true,"showParticleSystems":true},"in2DMode":false,"pivot":{"x":-5.510955810546875,"y":0.588623046875,"z":-2.632568359375},"rotation":{"x":-0.019733311608433725,"y":-0.9592180252075195,"z":0.2735546827316284,"w":-0.06920959055423737},"size":1.9181143045425416,"orthographic":true}