{"cameraMode":{"drawMode":0,"name":"Shaded","section":"Shading Mode"},"sceneLighting":false,"audioPlay":false,"sceneViewState":{"showFog":true,"showMaterialUpdate":false,"showSkybox":false,"showFlares":true,"showImageEffects":true,"showParticleSystems":true},"in2DMode":false,"pivot":{"x":1.8250000476837159,"y":0.08500000089406967,"z":2.1530001163482668},"rotation":{"x":0.2112167924642563,"y":-0.1837683618068695,"z":0.03122040443122387,"w":0.9604531526565552},"size":6.881211757659912,"orthographic":false}