{"cameraMode":{"drawMode":0,"name":"Shaded","section":"Shading Mode"},"sceneLighting":false,"audioPlay":false,"sceneViewState":{"showFog":true,"showMaterialUpdate":false,"showSkybox":false,"showFlares":true,"showImageEffects":true,"showParticleSystems":true},"in2DMode":false,"pivot":{"x":-4.917250633239746,"y":0.4752156436443329,"z":-1.1442636251449586},"rotation":{"x":-0.004526663571596146,"y":-0.9758877754211426,"z":0.21751940250396729,"w":-0.020208755508065225},"size":1.963705062866211,"orthographic":true}