{"cameraMode":{"drawMode":0,"name":"Shaded","section":"Shading Mode"},"sceneLighting":false,"audioPlay":false,"sceneViewState":{"showFog":true,"showMaterialUpdate":false,"showSkybox":false,"showFlares":true,"showImageEffects":true,"showParticleSystems":true},"in2DMode":false,"pivot":{"x":0.4240195155143738,"y":0.5021895170211792,"z":1.5988438129425049},"rotation":{"x":0.351199209690094,"y":-0.25504234433174136,"z":0.10003960132598877,"w":0.8953399062156677},"size":0.28180429339408877,"orthographic":false}