{"cameraMode":{"drawMode":0,"name":"Shaded","section":"Shading Mode"},"sceneLighting":false,"audioPlay":false,"sceneViewState":{"showFog":true,"showMaterialUpdate":false,"showSkybox":false,"showFlares":true,"showImageEffects":true,"showParticleSystems":true},"in2DMode":false,"pivot":{"x":0.031334735453128818,"y":0.01168203353881836,"z":-0.040920913219451907},"rotation":{"x":-0.10476052761077881,"y":0.8929136991500855,"z":-0.2735804617404938,"w":-0.3419174551963806},"size":1.1758357286453248,"orthographic":false}