{"cameraMode":{"drawMode":0,"name":"Shaded","section":"Shading Mode"},"sceneLighting":false,"audioPlay":false,"sceneViewState":{"showFog":true,"showMaterialUpdate":false,"showSkybox":false,"showFlares":true,"showImageEffects":true,"showParticleSystems":true},"in2DMode":false,"pivot":{"x":-5.056304931640625,"y":0.3514404296875,"z":0.0316162109375},"rotation":{"x":-0.020129848271608354,"y":-0.9748845100402832,"z":0.10930991172790528,"w":-0.1954985409975052},"size":1.0373191833496094,"orthographic":true}