{"cameraMode":{"drawMode":0,"name":"Shaded","section":"Shading Mode"},"sceneLighting":false,"audioPlay":false,"sceneViewState":{"showFog":true,"showMaterialUpdate":false,"showSkybox":false,"showFlares":true,"showImageEffects":true,"showParticleSystems":true},"in2DMode":false,"pivot":{"x":0.11420309543609619,"y":-0.0476679727435112,"z":-0.01044955849647522},"rotation":{"x":-0.10476052761077881,"y":0.8929136991500855,"z":-0.2735804617404938,"w":-0.3419174551963806},"size":1.0369422435760499,"orthographic":false}