{"cameraMode":{"drawMode":0,"name":"Shaded","section":"Shading Mode"},"sceneLighting":false,"audioPlay":false,"sceneViewState":{"showFog":true,"showMaterialUpdate":false,"showSkybox":false,"showFlares":true,"showImageEffects":true,"showParticleSystems":true},"in2DMode":false,"pivot":{"x":-4.930253028869629,"y":0.46462753415107729,"z":0.13692495226860047},"rotation":{"x":-0.004526663571596146,"y":-0.9758877754211426,"z":0.21751940250396729,"w":-0.020208755508065225},"size":2.091376543045044,"orthographic":true}