{"cameraMode":{"drawMode":0,"name":"Shaded","section":"Shading Mode"},"sceneLighting":false,"audioPlay":false,"sceneViewState":{"showFog":true,"showMaterialUpdate":false,"showSkybox":false,"showFlares":true,"showImageEffects":true,"showParticleSystems":true},"in2DMode":false,"pivot":{"x":0.1641000211238861,"y":0.15199404954910279,"z":-0.014816462993621827},"rotation":{"x":-0.10476052761077881,"y":0.8929136991500855,"z":-0.2735804617404938,"w":-0.3419174551963806},"size":0.8477700352668762,"orthographic":false}