{"cameraMode":{"drawMode":0,"name":"Shaded","section":"Shading Mode"},"sceneLighting":false,"audioPlay":false,"sceneViewState":{"showFog":true,"showMaterialUpdate":false,"showSkybox":false,"showFlares":true,"showImageEffects":true,"showParticleSystems":true},"in2DMode":false,"pivot":{"x":-4.846124649047852,"y":0.4575500786304474,"z":-2.6104657649993898},"rotation":{"x":-0.019749704748392106,"y":-0.9400491118431091,"z":0.3366638123989105,"w":-0.059538401663303378},"size":2.112560987472534,"orthographic":true}