{"cameraMode":{"drawMode":0,"name":"Shaded","section":"Shading Mode"},"sceneLighting":false,"audioPlay":false,"sceneViewState":{"showFog":true,"showMaterialUpdate":false,"showSkybox":false,"showFlares":true,"showImageEffects":true,"showParticleSystems":true},"in2DMode":false,"pivot":{"x":0.7474318742752075,"y":0.6184551119804382,"z":1.6472502946853638},"rotation":{"x":0.351199209690094,"y":-0.25504234433174136,"z":0.10003960132598877,"w":0.8953399062156677},"size":0.28180426359176638,"orthographic":false}