{"cameraMode":{"drawMode":0,"name":"Shaded","section":"Shading Mode"},"sceneLighting":false,"audioPlay":false,"sceneViewState":{"showFog":true,"showMaterialUpdate":false,"showSkybox":false,"showFlares":true,"showImageEffects":true,"showParticleSystems":true},"in2DMode":false,"pivot":{"x":0.7517496943473816,"y":0.7745121121406555,"z":1.4985244274139405},"rotation":{"x":-0.059987183660268787,"y":-0.28778907656669619,"z":-0.0180735532194376,"w":0.9556583166122437},"size":0.28180429339408877,"orthographic":false}