{"cameraMode":{"drawMode":0,"name":"Shaded","section":"Shading Mode"},"sceneLighting":false,"audioPlay":false,"sceneViewState":{"showFog":true,"showMaterialUpdate":false,"showSkybox":false,"showFlares":true,"showImageEffects":true,"showParticleSystems":true},"in2DMode":false,"pivot":{"x":0.1341361701488495,"y":0.4750053882598877,"z":-0.09445405006408692},"rotation":{"x":0.05582121014595032,"y":0.8816701173782349,"z":-0.10792943090200424,"w":0.4559865891933441},"size":1.4435378313064576,"orthographic":true}