{"cameraMode":{"drawMode":0,"name":"Shaded","section":"Shading Mode"},"sceneLighting":false,"audioPlay":false,"sceneViewState":{"showFog":true,"showMaterialUpdate":false,"showSkybox":false,"showFlares":true,"showImageEffects":true,"showParticleSystems":true},"in2DMode":false,"pivot":{"x":-4.83160400390625,"y":0.6171875,"z":-3.7843017578125},"rotation":{"x":0.0030343816615641119,"y":-0.999090313911438,"z":0.04224313050508499,"w":0.031687844544649127},"size":0.823878824710846,"orthographic":true}