{"cameraMode":{"drawMode":0,"name":"Shaded","section":"Shading Mode"},"sceneLighting":false,"audioPlay":false,"sceneViewState":{"showFog":true,"showMaterialUpdate":false,"showSkybox":false,"showFlares":true,"showImageEffects":true,"showParticleSystems":true},"in2DMode":false,"pivot":{"x":-6.595184326171875,"y":0.5500946044921875,"z":-2.89013671875},"rotation":{"x":-0.00003403897426323965,"y":-0.9995638132095337,"z":0.025832388550043107,"w":-0.03386266157031059},"size":1.5215356349945069,"orthographic":true}