{"cameraMode":{"drawMode":0,"name":"Shaded","section":"Shading Mode"},"sceneLighting":false,"audioPlay":false,"sceneViewState":{"showFog":true,"showMaterialUpdate":false,"showSkybox":false,"showFlares":true,"showImageEffects":true,"showParticleSystems":true},"in2DMode":false,"pivot":{"x":-4.846124649047852,"y":0.4575500786304474,"z":-2.6104657649993898},"rotation":{"x":-0.004526663571596146,"y":-0.9758877754211426,"z":0.21751940250396729,"w":-0.020208755508065225},"size":1.0112608671188355,"orthographic":true}