{"cameraMode":{"drawMode":0,"name":"Shaded","section":"Shading Mode"},"sceneLighting":false,"audioPlay":false,"sceneViewState":{"showFog":true,"showMaterialUpdate":false,"showSkybox":false,"showFlares":true,"showImageEffects":true,"showParticleSystems":true},"in2DMode":false,"pivot":{"x":0.49379438161849978,"y":0.6556466817855835,"z":1.524235486984253},"rotation":{"x":0.351199209690094,"y":-0.25504234433174136,"z":0.10003960132598877,"w":0.8953399062156677},"size":0.28180429339408877,"orthographic":false}