{"cameraMode":{"drawMode":0,"name":"Shaded","section":"Shading Mode"},"sceneLighting":false,"audioPlay":false,"sceneViewState":{"showFog":true,"showMaterialUpdate":false,"showSkybox":false,"showFlares":true,"showImageEffects":true,"showParticleSystems":true},"in2DMode":false,"pivot":{"x":-3.2398619651794435,"y":0.8805243968963623,"z":-0.29154640436172488},"rotation":{"x":-0.014379765838384629,"y":0.9736288785934448,"z":-0.21854989230632783,"w":-0.06405846029520035},"size":1.368894100189209,"orthographic":false}