{"cameraMode":{"drawMode":0,"name":"Shaded","section":"Shading Mode"},"sceneLighting":false,"audioPlay":false,"sceneViewState":{"showFog":true,"showMaterialUpdate":false,"showSkybox":false,"showFlares":true,"showImageEffects":true,"showParticleSystems":true},"in2DMode":false,"pivot":{"x":0.1307835578918457,"y":0.938701868057251,"z":-1.3663263320922852},"rotation":{"x":-0.03169068321585655,"y":0.08445344865322113,"z":-0.0026871224399656059,"w":-0.9959222674369812},"size":4.629140853881836,"orthographic":false}