{"cameraMode":{"drawMode":0,"name":"Shaded","section":"Shading Mode"},"sceneLighting":false,"audioPlay":false,"sceneViewState":{"showFog":true,"showMaterialUpdate":false,"showSkybox":false,"showFlares":true,"showImageEffects":true,"showParticleSystems":true},"in2DMode":false,"pivot":{"x":-4.916430473327637,"y":0.4726687967777252,"z":-3.9318478107452394},"rotation":{"x":-0.004526663571596146,"y":-0.9758877754211426,"z":0.21751940250396729,"w":-0.020208755508065225},"size":2.3769209384918215,"orthographic":true}